"reference_date","target","horizon","target_end_date","location","output_type","output_type_id","value"
2024-11-23,"wk inc flu hosp",-1,2024-11-16,"02","sample","0200",17
2024-11-23,"wk inc flu hosp",0,2024-11-23,"02","sample","0200",16
2024-11-23,"wk inc flu hosp",1,2024-11-30,"02","sample","0200",15
2024-11-23,"wk inc flu hosp",2,2024-12-07,"02","sample","0200",15
2024-11-23,"wk inc flu hosp",3,2024-12-14,"02","sample","0200",16
2024-11-23,"wk inc flu hosp",-1,2024-11-16,"02","sample","0201",17
2024-11-23,"wk inc flu hosp",0,2024-11-23,"02","sample","0201",16
2024-11-23,"wk inc flu hosp",1,2024-11-30,"02","sample","0201",15
2024-11-23,"wk inc flu hosp",2,2024-12-07,"02","sample","0201",15
2024-11-23,"wk inc flu hosp",3,2024-12-14,"02","sample","0201",16
2024-11-23,"wk inc flu hosp",-1,2024-11-16,"02","sample","0202",17
2024-11-23,"wk inc flu hosp",0,2024-11-23,"02","sample","0202",16
2024-11-23,"wk inc flu hosp",1,2024-11-30,"02","sample","0202",15
2024-11-23,"wk inc flu hosp",2,2024-12-07,"02","sample","0202",15
2024-11-23,"wk inc flu hosp",3,2024-12-14,"02","sample","0202",16
2024-11-23,"wk inc flu hosp",-1,2024-11-16,"02","sample","0203",17
2024-11-23,"wk inc flu hosp",0,2024-11-23,"02","sample","0203",16
2024-11-23,"wk inc flu hosp",1,2024-11-30,"02","sample","0203",15
2024-11-23,"wk inc flu hosp",2,2024-12-07,"02","sample","0203",15
2024-11-23,"wk inc flu hosp",3,2024-12-14,"02","sample","0203",16
2024-11-23,"wk inc flu hosp",-1,2024-11-16,"02","sample","0204",17
2024-11-23,"wk inc flu hosp",0,2024-11-23,"02","sample","0204",16
2024-11-23,"wk inc flu hosp",1,2024-11-30,"02","sample","0204",15
2024-11-23,"wk inc flu hosp",2,2024-12-07,"02","sample","0204",15
2024-11-23,"wk inc flu hosp",3,2024-12-14,"02","sample","0204",16
2024-11-23,"wk inc flu hosp",-1,2024-11-16,"02","sample","0205",17
2024-11-23,"wk inc flu hosp",0,2024-11-23,"02","sample","0205",16
2024-11-23,"wk inc flu hosp",1,2024-11-30,"02","sample","0205",15
2024-11-23,"wk inc flu hosp",2,2024-12-07,"02","sample","0205",15
2024-11-23,"wk inc flu hosp",3,2024-12-14,"02","sample","0205",16
2024-11-23,"wk inc flu hosp",-1,2024-11-16,"02","sample","0206",17
2024-11-23,"wk inc flu hosp",0,2024-11-23,"02","sample","0206",16
2024-11-23,"wk inc flu hosp",1,2024-11-30,"02","sample","0206",15
2024-11-23,"wk inc flu hosp",2,2024-12-07,"02","sample","0206",15
2024-11-23,"wk inc flu hosp",3,2024-12-14,"02","sample","0206",16
2024-11-23,"wk inc flu hosp",-1,2024-11-16,"02","sample","0207",17
2024-11-23,"wk inc flu hosp",0,2024-11-23,"02","sample","0207",16
2024-11-23,"wk inc flu hosp",1,2024-11-30,"02","sample","0207",16
2024-11-23,"wk inc flu hosp",2,2024-12-07,"02","sample","0207",17
2024-11-23,"wk inc flu hosp",3,2024-12-14,"02","sample","0207",15
2024-11-23,"wk inc flu hosp",-1,2024-11-16,"02","sample","0208",17
2024-11-23,"wk inc flu hosp",0,2024-11-23,"02","sample","0208",16
2024-11-23,"wk inc flu hosp",1,2024-11-30,"02","sample","0208",16
2024-11-23,"wk inc flu hosp",2,2024-12-07,"02","sample","0208",17
2024-11-23,"wk inc flu hosp",3,2024-12-14,"02","sample","0208",15
2024-11-23,"wk inc flu hosp",-1,2024-11-16,"02","sample","0209",17
2024-11-23,"wk inc flu hosp",0,2024-11-23,"02","sample","0209",16
2024-11-23,"wk inc flu hosp",1,2024-11-30,"02","sample","0209",16
2024-11-23,"wk inc flu hosp",2,2024-12-07,"02","sample","0209",17
2024-11-23,"wk inc flu hosp",3,2024-12-14,"02","sample","0209",15
2024-11-23,"wk inc flu hosp",-1,2024-11-16,"02","sample","0210",17
2024-11-23,"wk inc flu hosp",0,2024-11-23,"02","sample","0210",16
2024-11-23,"wk inc flu hosp",1,2024-11-30,"02","sample","0210",16
2024-11-23,"wk inc flu hosp",2,2024-12-07,"02","sample","0210",17
2024-11-23,"wk inc flu hosp",3,2024-12-14,"02","sample","0210",15
2024-11-23,"wk inc flu hosp",-1,2024-11-16,"02","sample","0211",17
2024-11-23,"wk inc flu hosp",0,2024-11-23,"02","sample","0211",17
2024-11-23,"wk inc flu hosp",1,2024-11-30,"02","sample","0211",19
2024-11-23,"wk inc flu hosp",2,2024-12-07,"02","sample","0211",17
2024-11-23,"wk inc flu hosp",3,2024-12-14,"02","sample","0211",18
2024-11-23,"wk inc flu hosp",-1,2024-11-16,"02","sample","0212",17
2024-11-23,"wk inc flu hosp",0,2024-11-23,"02","sample","0212",17
2024-11-23,"wk inc flu hosp",1,2024-11-30,"02","sample","0212",19
2024-11-23,"wk inc flu hosp",2,2024-12-07,"02","sample","0212",17
2024-11-23,"wk inc flu hosp",3,2024-12-14,"02","sample","0212",18
2024-11-23,"wk inc flu hosp",-1,2024-11-16,"02","sample","0213",17
2024-11-23,"wk inc flu hosp",0,2024-11-23,"02","sample","0213",17
2024-11-23,"wk inc flu hosp",1,2024-11-30,"02","sample","0213",19
2024-11-23,"wk inc flu hosp",2,2024-12-07,"02","sample","0213",17
2024-11-23,"wk inc flu hosp",3,2024-12-14,"02","sample","0213",18
2024-11-23,"wk inc flu hosp",-1,2024-11-16,"02","sample","0214",17
2024-11-23,"wk inc flu hosp",0,2024-11-23,"02","sample","0214",17
2024-11-23,"wk inc flu hosp",1,2024-11-30,"02","sample","0214",19
2024-11-23,"wk inc flu hosp",2,2024-12-07,"02","sample","0214",17
2024-11-23,"wk inc flu hosp",3,2024-12-14,"02","sample","0214",18
2024-11-23,"wk inc flu hosp",-1,2024-11-16,"02","sample","0215",17
2024-11-23,"wk inc flu hosp",0,2024-11-23,"02","sample","0215",17
2024-11-23,"wk inc flu hosp",1,2024-11-30,"02","sample","0215",19
2024-11-23,"wk inc flu hosp",2,2024-12-07,"02","sample","0215",17
2024-11-23,"wk inc flu hosp",3,2024-12-14,"02","sample","0215",18
2024-11-23,"wk inc flu hosp",-1,2024-11-16,"02","sample","0216",17
2024-11-23,"wk inc flu hosp",0,2024-11-23,"02","sample","0216",17
2024-11-23,"wk inc flu hosp",1,2024-11-30,"02","sample","0216",19
2024-11-23,"wk inc flu hosp",2,2024-12-07,"02","sample","0216",17
2024-11-23,"wk inc flu hosp",3,2024-12-14,"02","sample","0216",18
2024-11-23,"wk inc flu hosp",-1,2024-11-16,"02","sample","0217",17
2024-11-23,"wk inc flu hosp",0,2024-11-23,"02","sample","0217",17
2024-11-23,"wk inc flu hosp",1,2024-11-30,"02","sample","0217",19
2024-11-23,"wk inc flu hosp",2,2024-12-07,"02","sample","0217",17
2024-11-23,"wk inc flu hosp",3,2024-12-14,"02","sample","0217",18
2024-11-23,"wk inc flu hosp",-1,2024-11-16,"02","sample","0218",17
2024-11-23,"wk inc flu hosp",0,2024-11-23,"02","sample","0218",17
2024-11-23,"wk inc flu hosp",1,2024-11-30,"02","sample","0218",19
2024-11-23,"wk inc flu hosp",2,2024-12-07,"02","sample","0218",17
2024-11-23,"wk inc flu hosp",3,2024-12-14,"02","sample","0218",18
2024-11-23,"wk inc flu hosp",-1,2024-11-16,"02","sample","0219",17
2024-11-23,"wk inc flu hosp",0,2024-11-23,"02","sample","0219",17
2024-11-23,"wk inc flu hosp",1,2024-11-30,"02","sample","0219",19
2024-11-23,"wk inc flu hosp",2,2024-12-07,"02","sample","0219",17
2024-11-23,"wk inc flu hosp",3,2024-12-14,"02","sample","0219",18
2024-11-23,"wk inc flu hosp",-1,2024-11-16,"02","sample","0220",17
2024-11-23,"wk inc flu hosp",0,2024-11-23,"02","sample","0220",17
2024-11-23,"wk inc flu hosp",1,2024-11-30,"02","sample","0220",19
2024-11-23,"wk inc flu hosp",2,2024-12-07,"02","sample","0220",17
2024-11-23,"wk inc flu hosp",3,2024-12-14,"02","sample","0220",18
2024-11-23,"wk inc flu hosp",-1,2024-11-16,"02","sample","0221",17
2024-11-23,"wk inc flu hosp",0,2024-11-23,"02","sample","0221",17
2024-11-23,"wk inc flu hosp",1,2024-11-30,"02","sample","0221",19
2024-11-23,"wk inc flu hosp",2,2024-12-07,"02","sample","0221",17
2024-11-23,"wk inc flu hosp",3,2024-12-14,"02","sample","0221",18
2024-11-23,"wk inc flu hosp",-1,2024-11-16,"02","sample","0222",17
2024-11-23,"wk inc flu hosp",0,2024-11-23,"02","sample","0222",17
2024-11-23,"wk inc flu hosp",1,2024-11-30,"02","sample","0222",19
2024-11-23,"wk inc flu hosp",2,2024-12-07,"02","sample","0222",17
2024-11-23,"wk inc flu hosp",3,2024-12-14,"02","sample","0222",18
2024-11-23,"wk inc flu hosp",-1,2024-11-16,"02","sample","0223",17
2024-11-23,"wk inc flu hosp",0,2024-11-23,"02","sample","0223",17
2024-11-23,"wk inc flu hosp",1,2024-11-30,"02","sample","0223",19
2024-11-23,"wk inc flu hosp",2,2024-12-07,"02","sample","0223",17
2024-11-23,"wk inc flu hosp",3,2024-12-14,"02","sample","0223",18
2024-11-23,"wk inc flu hosp",-1,2024-11-16,"02","sample","0224",18
2024-11-23,"wk inc flu hosp",0,2024-11-23,"02","sample","0224",20
2024-11-23,"wk inc flu hosp",1,2024-11-30,"02","sample","0224",18
2024-11-23,"wk inc flu hosp",2,2024-12-07,"02","sample","0224",19
2024-11-23,"wk inc flu hosp",3,2024-12-14,"02","sample","0224",23
2024-11-23,"wk inc flu hosp",-1,2024-11-16,"02","sample","0225",18
2024-11-23,"wk inc flu hosp",0,2024-11-23,"02","sample","0225",20
2024-11-23,"wk inc flu hosp",1,2024-11-30,"02","sample","0225",18
2024-11-23,"wk inc flu hosp",2,2024-12-07,"02","sample","0225",19
2024-11-23,"wk inc flu hosp",3,2024-12-14,"02","sample","0225",23
2024-11-23,"wk inc flu hosp",-1,2024-11-16,"02","sample","0226",20
2024-11-23,"wk inc flu hosp",0,2024-11-23,"02","sample","0226",18
2024-11-23,"wk inc flu hosp",1,2024-11-30,"02","sample","0226",19
2024-11-23,"wk inc flu hosp",2,2024-12-07,"02","sample","0226",23
2024-11-23,"wk inc flu hosp",3,2024-12-14,"02","sample","0226",24
2024-11-23,"wk inc flu hosp",-1,2024-11-16,"02","sample","0227",20
2024-11-23,"wk inc flu hosp",0,2024-11-23,"02","sample","0227",18
2024-11-23,"wk inc flu hosp",1,2024-11-30,"02","sample","0227",19
2024-11-23,"wk inc flu hosp",2,2024-12-07,"02","sample","0227",23
2024-11-23,"wk inc flu hosp",3,2024-12-14,"02","sample","0227",24
2024-11-23,"wk inc flu hosp",-1,2024-11-16,"02","sample","0228",20
2024-11-23,"wk inc flu hosp",0,2024-11-23,"02","sample","0228",18
2024-11-23,"wk inc flu hosp",1,2024-11-30,"02","sample","0228",19
2024-11-23,"wk inc flu hosp",2,2024-12-07,"02","sample","0228",23
2024-11-23,"wk inc flu hosp",3,2024-12-14,"02","sample","0228",24
2024-11-23,"wk inc flu hosp",-1,2024-11-16,"02","sample","0229",20
2024-11-23,"wk inc flu hosp",0,2024-11-23,"02","sample","0229",18
2024-11-23,"wk inc flu hosp",1,2024-11-30,"02","sample","0229",19
2024-11-23,"wk inc flu hosp",2,2024-12-07,"02","sample","0229",23
2024-11-23,"wk inc flu hosp",3,2024-12-14,"02","sample","0229",24
2024-11-23,"wk inc flu hosp",-1,2024-11-16,"02","sample","0230",20
2024-11-23,"wk inc flu hosp",0,2024-11-23,"02","sample","0230",18
2024-11-23,"wk inc flu hosp",1,2024-11-30,"02","sample","0230",19
2024-11-23,"wk inc flu hosp",2,2024-12-07,"02","sample","0230",23
2024-11-23,"wk inc flu hosp",3,2024-12-14,"02","sample","0230",24
2024-11-23,"wk inc flu hosp",-1,2024-11-16,"02","sample","0231",20
2024-11-23,"wk inc flu hosp",0,2024-11-23,"02","sample","0231",18
2024-11-23,"wk inc flu hosp",1,2024-11-30,"02","sample","0231",19
2024-11-23,"wk inc flu hosp",2,2024-12-07,"02","sample","0231",23
2024-11-23,"wk inc flu hosp",3,2024-12-14,"02","sample","0231",24
2024-11-23,"wk inc flu hosp",-1,2024-11-16,"02","sample","0232",20
2024-11-23,"wk inc flu hosp",0,2024-11-23,"02","sample","0232",18
2024-11-23,"wk inc flu hosp",1,2024-11-30,"02","sample","0232",19
2024-11-23,"wk inc flu hosp",2,2024-12-07,"02","sample","0232",23
2024-11-23,"wk inc flu hosp",3,2024-12-14,"02","sample","0232",24
2024-11-23,"wk inc flu hosp",-1,2024-11-16,"02","sample","0233",20
2024-11-23,"wk inc flu hosp",0,2024-11-23,"02","sample","0233",18
2024-11-23,"wk inc flu hosp",1,2024-11-30,"02","sample","0233",19
2024-11-23,"wk inc flu hosp",2,2024-12-07,"02","sample","0233",23
2024-11-23,"wk inc flu hosp",3,2024-12-14,"02","sample","0233",24
2024-11-23,"wk inc flu hosp",-1,2024-11-16,"02","sample","0234",20
2024-11-23,"wk inc flu hosp",0,2024-11-23,"02","sample","0234",18
2024-11-23,"wk inc flu hosp",1,2024-11-30,"02","sample","0234",19
2024-11-23,"wk inc flu hosp",2,2024-12-07,"02","sample","0234",23
2024-11-23,"wk inc flu hosp",3,2024-12-14,"02","sample","0234",24
2024-11-23,"wk inc flu hosp",-1,2024-11-16,"02","sample","0235",20
2024-11-23,"wk inc flu hosp",0,2024-11-23,"02","sample","0235",18
2024-11-23,"wk inc flu hosp",1,2024-11-30,"02","sample","0235",19
2024-11-23,"wk inc flu hosp",2,2024-12-07,"02","sample","0235",23
2024-11-23,"wk inc flu hosp",3,2024-12-14,"02","sample","0235",24
2024-11-23,"wk inc flu hosp",-1,2024-11-16,"02","sample","0236",20
2024-11-23,"wk inc flu hosp",0,2024-11-23,"02","sample","0236",18
2024-11-23,"wk inc flu hosp",1,2024-11-30,"02","sample","0236",19
2024-11-23,"wk inc flu hosp",2,2024-12-07,"02","sample","0236",23
2024-11-23,"wk inc flu hosp",3,2024-12-14,"02","sample","0236",24
2024-11-23,"wk inc flu hosp",-1,2024-11-16,"02","sample","0237",20
2024-11-23,"wk inc flu hosp",0,2024-11-23,"02","sample","0237",18
2024-11-23,"wk inc flu hosp",1,2024-11-30,"02","sample","0237",19
2024-11-23,"wk inc flu hosp",2,2024-12-07,"02","sample","0237",23
2024-11-23,"wk inc flu hosp",3,2024-12-14,"02","sample","0237",24
2024-11-23,"wk inc flu hosp",-1,2024-11-16,"02","sample","0238",20
2024-11-23,"wk inc flu hosp",0,2024-11-23,"02","sample","0238",18
2024-11-23,"wk inc flu hosp",1,2024-11-30,"02","sample","0238",19
2024-11-23,"wk inc flu hosp",2,2024-12-07,"02","sample","0238",23
2024-11-23,"wk inc flu hosp",3,2024-12-14,"02","sample","0238",24
2024-11-23,"wk inc flu hosp",-1,2024-11-16,"02","sample","0239",18
2024-11-23,"wk inc flu hosp",0,2024-11-23,"02","sample","0239",20
2024-11-23,"wk inc flu hosp",1,2024-11-30,"02","sample","0239",23
2024-11-23,"wk inc flu hosp",2,2024-12-07,"02","sample","0239",24
2024-11-23,"wk inc flu hosp",3,2024-12-14,"02","sample","0239",24
2024-11-23,"wk inc flu hosp",-1,2024-11-16,"02","sample","0240",18
2024-11-23,"wk inc flu hosp",0,2024-11-23,"02","sample","0240",20
2024-11-23,"wk inc flu hosp",1,2024-11-30,"02","sample","0240",23
2024-11-23,"wk inc flu hosp",2,2024-12-07,"02","sample","0240",24
2024-11-23,"wk inc flu hosp",3,2024-12-14,"02","sample","0240",24
2024-11-23,"wk inc flu hosp",-1,2024-11-16,"02","sample","0241",18
2024-11-23,"wk inc flu hosp",0,2024-11-23,"02","sample","0241",20
2024-11-23,"wk inc flu hosp",1,2024-11-30,"02","sample","0241",23
2024-11-23,"wk inc flu hosp",2,2024-12-07,"02","sample","0241",24
2024-11-23,"wk inc flu hosp",3,2024-12-14,"02","sample","0241",24
2024-11-23,"wk inc flu hosp",-1,2024-11-16,"02","sample","0242",18
2024-11-23,"wk inc flu hosp",0,2024-11-23,"02","sample","0242",20
2024-11-23,"wk inc flu hosp",1,2024-11-30,"02","sample","0242",23
2024-11-23,"wk inc flu hosp",2,2024-12-07,"02","sample","0242",24
2024-11-23,"wk inc flu hosp",3,2024-12-14,"02","sample","0242",24
2024-11-23,"wk inc flu hosp",-1,2024-11-16,"02","sample","0243",19
2024-11-23,"wk inc flu hosp",0,2024-11-23,"02","sample","0243",23
2024-11-23,"wk inc flu hosp",1,2024-11-30,"02","sample","0243",24
2024-11-23,"wk inc flu hosp",2,2024-12-07,"02","sample","0243",24
2024-11-23,"wk inc flu hosp",3,2024-12-14,"02","sample","0243",28
2024-11-23,"wk inc flu hosp",-1,2024-11-16,"02","sample","0244",19
2024-11-23,"wk inc flu hosp",0,2024-11-23,"02","sample","0244",23
2024-11-23,"wk inc flu hosp",1,2024-11-30,"02","sample","0244",24
2024-11-23,"wk inc flu hosp",2,2024-12-07,"02","sample","0244",24
2024-11-23,"wk inc flu hosp",3,2024-12-14,"02","sample","0244",28
2024-11-23,"wk inc flu hosp",-1,2024-11-16,"02","sample","0245",19
2024-11-23,"wk inc flu hosp",0,2024-11-23,"02","sample","0245",23
2024-11-23,"wk inc flu hosp",1,2024-11-30,"02","sample","0245",24
2024-11-23,"wk inc flu hosp",2,2024-12-07,"02","sample","0245",24
2024-11-23,"wk inc flu hosp",3,2024-12-14,"02","sample","0245",28
2024-11-23,"wk inc flu hosp",-1,2024-11-16,"02","sample","0246",19
2024-11-23,"wk inc flu hosp",0,2024-11-23,"02","sample","0246",23
2024-11-23,"wk inc flu hosp",1,2024-11-30,"02","sample","0246",24
2024-11-23,"wk inc flu hosp",2,2024-12-07,"02","sample","0246",24
2024-11-23,"wk inc flu hosp",3,2024-12-14,"02","sample","0246",28
2024-11-23,"wk inc flu hosp",-1,2024-11-16,"02","sample","0247",19
2024-11-23,"wk inc flu hosp",0,2024-11-23,"02","sample","0247",23
2024-11-23,"wk inc flu hosp",1,2024-11-30,"02","sample","0247",24
2024-11-23,"wk inc flu hosp",2,2024-12-07,"02","sample","0247",24
2024-11-23,"wk inc flu hosp",3,2024-12-14,"02","sample","0247",28
2024-11-23,"wk inc flu hosp",-1,2024-11-16,"02","sample","0248",19
2024-11-23,"wk inc flu hosp",0,2024-11-23,"02","sample","0248",23
2024-11-23,"wk inc flu hosp",1,2024-11-30,"02","sample","0248",24
2024-11-23,"wk inc flu hosp",2,2024-12-07,"02","sample","0248",24
2024-11-23,"wk inc flu hosp",3,2024-12-14,"02","sample","0248",28
2024-11-23,"wk inc flu hosp",-1,2024-11-16,"02","sample","0249",19
2024-11-23,"wk inc flu hosp",0,2024-11-23,"02","sample","0249",23
2024-11-23,"wk inc flu hosp",1,2024-11-30,"02","sample","0249",24
2024-11-23,"wk inc flu hosp",2,2024-12-07,"02","sample","0249",24
2024-11-23,"wk inc flu hosp",3,2024-12-14,"02","sample","0249",28
2024-11-23,"wk inc flu hosp",-1,2024-11-16,"02","sample","0250",19
2024-11-23,"wk inc flu hosp",0,2024-11-23,"02","sample","0250",23
2024-11-23,"wk inc flu hosp",1,2024-11-30,"02","sample","0250",24
2024-11-23,"wk inc flu hosp",2,2024-12-07,"02","sample","0250",24
2024-11-23,"wk inc flu hosp",3,2024-12-14,"02","sample","0250",28
2024-11-23,"wk inc flu hosp",-1,2024-11-16,"02","sample","0251",19
2024-11-23,"wk inc flu hosp",0,2024-11-23,"02","sample","0251",23
2024-11-23,"wk inc flu hosp",1,2024-11-30,"02","sample","0251",24
2024-11-23,"wk inc flu hosp",2,2024-12-07,"02","sample","0251",24
2024-11-23,"wk inc flu hosp",3,2024-12-14,"02","sample","0251",28
2024-11-23,"wk inc flu hosp",-1,2024-11-16,"02","sample","0252",19
2024-11-23,"wk inc flu hosp",0,2024-11-23,"02","sample","0252",23
2024-11-23,"wk inc flu hosp",1,2024-11-30,"02","sample","0252",24
2024-11-23,"wk inc flu hosp",2,2024-12-07,"02","sample","0252",24
2024-11-23,"wk inc flu hosp",3,2024-12-14,"02","sample","0252",28
2024-11-23,"wk inc flu hosp",-1,2024-11-16,"02","sample","0253",19
2024-11-23,"wk inc flu hosp",0,2024-11-23,"02","sample","0253",23
2024-11-23,"wk inc flu hosp",1,2024-11-30,"02","sample","0253",24
2024-11-23,"wk inc flu hosp",2,2024-12-07,"02","sample","0253",24
2024-11-23,"wk inc flu hosp",3,2024-12-14,"02","sample","0253",28
2024-11-23,"wk inc flu hosp",-1,2024-11-16,"02","sample","0254",19
2024-11-23,"wk inc flu hosp",0,2024-11-23,"02","sample","0254",23
2024-11-23,"wk inc flu hosp",1,2024-11-30,"02","sample","0254",24
2024-11-23,"wk inc flu hosp",2,2024-12-07,"02","sample","0254",24
2024-11-23,"wk inc flu hosp",3,2024-12-14,"02","sample","0254",28
2024-11-23,"wk inc flu hosp",-1,2024-11-16,"02","sample","0255",19
2024-11-23,"wk inc flu hosp",0,2024-11-23,"02","sample","0255",23
2024-11-23,"wk inc flu hosp",1,2024-11-30,"02","sample","0255",24
2024-11-23,"wk inc flu hosp",2,2024-12-07,"02","sample","0255",24
2024-11-23,"wk inc flu hosp",3,2024-12-14,"02","sample","0255",28
2024-11-23,"wk inc flu hosp",-1,2024-11-16,"02","sample","0256",22
2024-11-23,"wk inc flu hosp",0,2024-11-23,"02","sample","0256",23
2024-11-23,"wk inc flu hosp",1,2024-11-30,"02","sample","0256",23
2024-11-23,"wk inc flu hosp",2,2024-12-07,"02","sample","0256",27
2024-11-23,"wk inc flu hosp",3,2024-12-14,"02","sample","0256",33
2024-11-23,"wk inc flu hosp",-1,2024-11-16,"02","sample","0257",22
2024-11-23,"wk inc flu hosp",0,2024-11-23,"02","sample","0257",23
2024-11-23,"wk inc flu hosp",1,2024-11-30,"02","sample","0257",23
2024-11-23,"wk inc flu hosp",2,2024-12-07,"02","sample","0257",27
2024-11-23,"wk inc flu hosp",3,2024-12-14,"02","sample","0257",33
2024-11-23,"wk inc flu hosp",-1,2024-11-16,"02","sample","0258",22
2024-11-23,"wk inc flu hosp",0,2024-11-23,"02","sample","0258",23
2024-11-23,"wk inc flu hosp",1,2024-11-30,"02","sample","0258",23
2024-11-23,"wk inc flu hosp",2,2024-12-07,"02","sample","0258",27
2024-11-23,"wk inc flu hosp",3,2024-12-14,"02","sample","0258",33
2024-11-23,"wk inc flu hosp",-1,2024-11-16,"02","sample","0259",22
2024-11-23,"wk inc flu hosp",0,2024-11-23,"02","sample","0259",22
2024-11-23,"wk inc flu hosp",1,2024-11-30,"02","sample","0259",26
2024-11-23,"wk inc flu hosp",2,2024-12-07,"02","sample","0259",31
2024-11-23,"wk inc flu hosp",3,2024-12-14,"02","sample","0259",40
2024-11-23,"wk inc flu hosp",-1,2024-11-16,"02","sample","0260",22
2024-11-23,"wk inc flu hosp",0,2024-11-23,"02","sample","0260",22
2024-11-23,"wk inc flu hosp",1,2024-11-30,"02","sample","0260",26
2024-11-23,"wk inc flu hosp",2,2024-12-07,"02","sample","0260",31
2024-11-23,"wk inc flu hosp",3,2024-12-14,"02","sample","0260",40
2024-11-23,"wk inc flu hosp",-1,2024-11-16,"02","sample","0261",22
2024-11-23,"wk inc flu hosp",0,2024-11-23,"02","sample","0261",22
2024-11-23,"wk inc flu hosp",1,2024-11-30,"02","sample","0261",26
2024-11-23,"wk inc flu hosp",2,2024-12-07,"02","sample","0261",31
2024-11-23,"wk inc flu hosp",3,2024-12-14,"02","sample","0261",40
2024-11-23,"wk inc flu hosp",-1,2024-11-16,"02","sample","0262",22
2024-11-23,"wk inc flu hosp",0,2024-11-23,"02","sample","0262",22
2024-11-23,"wk inc flu hosp",1,2024-11-30,"02","sample","0262",26
2024-11-23,"wk inc flu hosp",2,2024-12-07,"02","sample","0262",31
2024-11-23,"wk inc flu hosp",3,2024-12-14,"02","sample","0262",40
2024-11-23,"wk inc flu hosp",-1,2024-11-16,"02","sample","0263",22
2024-11-23,"wk inc flu hosp",0,2024-11-23,"02","sample","0263",22
2024-11-23,"wk inc flu hosp",1,2024-11-30,"02","sample","0263",26
2024-11-23,"wk inc flu hosp",2,2024-12-07,"02","sample","0263",31
2024-11-23,"wk inc flu hosp",3,2024-12-14,"02","sample","0263",40
2024-11-23,"wk inc flu hosp",-1,2024-11-16,"02","sample","0264",22
2024-11-23,"wk inc flu hosp",0,2024-11-23,"02","sample","0264",22
2024-11-23,"wk inc flu hosp",1,2024-11-30,"02","sample","0264",26
2024-11-23,"wk inc flu hosp",2,2024-12-07,"02","sample","0264",31
2024-11-23,"wk inc flu hosp",3,2024-12-14,"02","sample","0264",40
2024-11-23,"wk inc flu hosp",-1,2024-11-16,"02","sample","0265",22
2024-11-23,"wk inc flu hosp",0,2024-11-23,"02","sample","0265",22
2024-11-23,"wk inc flu hosp",1,2024-11-30,"02","sample","0265",26
2024-11-23,"wk inc flu hosp",2,2024-12-07,"02","sample","0265",31
2024-11-23,"wk inc flu hosp",3,2024-12-14,"02","sample","0265",40
2024-11-23,"wk inc flu hosp",-1,2024-11-16,"02","sample","0266",22
2024-11-23,"wk inc flu hosp",0,2024-11-23,"02","sample","0266",22
2024-11-23,"wk inc flu hosp",1,2024-11-30,"02","sample","0266",26
2024-11-23,"wk inc flu hosp",2,2024-12-07,"02","sample","0266",31
2024-11-23,"wk inc flu hosp",3,2024-12-14,"02","sample","0266",40
2024-11-23,"wk inc flu hosp",-1,2024-11-16,"02","sample","0267",20
2024-11-23,"wk inc flu hosp",0,2024-11-23,"02","sample","0267",24
2024-11-23,"wk inc flu hosp",1,2024-11-30,"02","sample","0267",29
2024-11-23,"wk inc flu hosp",2,2024-12-07,"02","sample","0267",38
2024-11-23,"wk inc flu hosp",3,2024-12-14,"02","sample","0267",44
2024-11-23,"wk inc flu hosp",-1,2024-11-16,"02","sample","0268",20
2024-11-23,"wk inc flu hosp",0,2024-11-23,"02","sample","0268",24
2024-11-23,"wk inc flu hosp",1,2024-11-30,"02","sample","0268",29
2024-11-23,"wk inc flu hosp",2,2024-12-07,"02","sample","0268",38
2024-11-23,"wk inc flu hosp",3,2024-12-14,"02","sample","0268",44
2024-11-23,"wk inc flu hosp",-1,2024-11-16,"02","sample","0269",22
2024-11-23,"wk inc flu hosp",0,2024-11-23,"02","sample","0269",27
2024-11-23,"wk inc flu hosp",1,2024-11-30,"02","sample","0269",34
2024-11-23,"wk inc flu hosp",2,2024-12-07,"02","sample","0269",40
2024-11-23,"wk inc flu hosp",3,2024-12-14,"02","sample","0269",55
2024-11-23,"wk inc flu hosp",-1,2024-11-16,"02","sample","0270",22
2024-11-23,"wk inc flu hosp",0,2024-11-23,"02","sample","0270",27
2024-11-23,"wk inc flu hosp",1,2024-11-30,"02","sample","0270",34
2024-11-23,"wk inc flu hosp",2,2024-12-07,"02","sample","0270",40
2024-11-23,"wk inc flu hosp",3,2024-12-14,"02","sample","0270",55
2024-11-23,"wk inc flu hosp",-1,2024-11-16,"02","sample","0271",22
2024-11-23,"wk inc flu hosp",0,2024-11-23,"02","sample","0271",27
2024-11-23,"wk inc flu hosp",1,2024-11-30,"02","sample","0271",34
2024-11-23,"wk inc flu hosp",2,2024-12-07,"02","sample","0271",40
2024-11-23,"wk inc flu hosp",3,2024-12-14,"02","sample","0271",55
2024-11-23,"wk inc flu hosp",-1,2024-11-16,"02","sample","0272",22
2024-11-23,"wk inc flu hosp",0,2024-11-23,"02","sample","0272",27
2024-11-23,"wk inc flu hosp",1,2024-11-30,"02","sample","0272",34
2024-11-23,"wk inc flu hosp",2,2024-12-07,"02","sample","0272",40
2024-11-23,"wk inc flu hosp",3,2024-12-14,"02","sample","0272",55
2024-11-23,"wk inc flu hosp",-1,2024-11-16,"02","sample","0273",22
2024-11-23,"wk inc flu hosp",0,2024-11-23,"02","sample","0273",27
2024-11-23,"wk inc flu hosp",1,2024-11-30,"02","sample","0273",34
2024-11-23,"wk inc flu hosp",2,2024-12-07,"02","sample","0273",40
2024-11-23,"wk inc flu hosp",3,2024-12-14,"02","sample","0273",55
2024-11-23,"wk inc flu hosp",-1,2024-11-16,"02","sample","0274",22
2024-11-23,"wk inc flu hosp",0,2024-11-23,"02","sample","0274",27
2024-11-23,"wk inc flu hosp",1,2024-11-30,"02","sample","0274",34
2024-11-23,"wk inc flu hosp",2,2024-12-07,"02","sample","0274",40
2024-11-23,"wk inc flu hosp",3,2024-12-14,"02","sample","0274",55
2024-11-23,"wk inc flu hosp",-1,2024-11-16,"02","sample","0275",22
2024-11-23,"wk inc flu hosp",0,2024-11-23,"02","sample","0275",27
2024-11-23,"wk inc flu hosp",1,2024-11-30,"02","sample","0275",34
2024-11-23,"wk inc flu hosp",2,2024-12-07,"02","sample","0275",40
2024-11-23,"wk inc flu hosp",3,2024-12-14,"02","sample","0275",55
2024-11-23,"wk inc flu hosp",-1,2024-11-16,"02","sample","0276",22
2024-11-23,"wk inc flu hosp",0,2024-11-23,"02","sample","0276",27
2024-11-23,"wk inc flu hosp",1,2024-11-30,"02","sample","0276",34
2024-11-23,"wk inc flu hosp",2,2024-12-07,"02","sample","0276",40
2024-11-23,"wk inc flu hosp",3,2024-12-14,"02","sample","0276",55
2024-11-23,"wk inc flu hosp",-1,2024-11-16,"02","sample","0277",22
2024-11-23,"wk inc flu hosp",0,2024-11-23,"02","sample","0277",27
2024-11-23,"wk inc flu hosp",1,2024-11-30,"02","sample","0277",34
2024-11-23,"wk inc flu hosp",2,2024-12-07,"02","sample","0277",40
2024-11-23,"wk inc flu hosp",3,2024-12-14,"02","sample","0277",55
2024-11-23,"wk inc flu hosp",-1,2024-11-16,"02","sample","0278",22
2024-11-23,"wk inc flu hosp",0,2024-11-23,"02","sample","0278",27
2024-11-23,"wk inc flu hosp",1,2024-11-30,"02","sample","0278",34
2024-11-23,"wk inc flu hosp",2,2024-12-07,"02","sample","0278",40
2024-11-23,"wk inc flu hosp",3,2024-12-14,"02","sample","0278",55
2024-11-23,"wk inc flu hosp",-1,2024-11-16,"02","sample","0279",22
2024-11-23,"wk inc flu hosp",0,2024-11-23,"02","sample","0279",27
2024-11-23,"wk inc flu hosp",1,2024-11-30,"02","sample","0279",34
2024-11-23,"wk inc flu hosp",2,2024-12-07,"02","sample","0279",40
2024-11-23,"wk inc flu hosp",3,2024-12-14,"02","sample","0279",55
2024-11-23,"wk inc flu hosp",-1,2024-11-16,"02","sample","0280",22
2024-11-23,"wk inc flu hosp",0,2024-11-23,"02","sample","0280",27
2024-11-23,"wk inc flu hosp",1,2024-11-30,"02","sample","0280",34
2024-11-23,"wk inc flu hosp",2,2024-12-07,"02","sample","0280",40
2024-11-23,"wk inc flu hosp",3,2024-12-14,"02","sample","0280",55
2024-11-23,"wk inc flu hosp",-1,2024-11-16,"02","sample","0281",24
2024-11-23,"wk inc flu hosp",0,2024-11-23,"02","sample","0281",31
2024-11-23,"wk inc flu hosp",1,2024-11-30,"02","sample","0281",36
2024-11-23,"wk inc flu hosp",2,2024-12-07,"02","sample","0281",49
2024-11-23,"wk inc flu hosp",3,2024-12-14,"02","sample","0281",73
2024-11-23,"wk inc flu hosp",-1,2024-11-16,"02","sample","0282",24
2024-11-23,"wk inc flu hosp",0,2024-11-23,"02","sample","0282",31
2024-11-23,"wk inc flu hosp",1,2024-11-30,"02","sample","0282",36
2024-11-23,"wk inc flu hosp",2,2024-12-07,"02","sample","0282",49
2024-11-23,"wk inc flu hosp",3,2024-12-14,"02","sample","0282",73
2024-11-23,"wk inc flu hosp",-1,2024-11-16,"02","sample","0283",24
2024-11-23,"wk inc flu hosp",0,2024-11-23,"02","sample","0283",31
2024-11-23,"wk inc flu hosp",1,2024-11-30,"02","sample","0283",36
2024-11-23,"wk inc flu hosp",2,2024-12-07,"02","sample","0283",49
2024-11-23,"wk inc flu hosp",3,2024-12-14,"02","sample","0283",73
2024-11-23,"wk inc flu hosp",-1,2024-11-16,"02","sample","0284",24
2024-11-23,"wk inc flu hosp",0,2024-11-23,"02","sample","0284",31
2024-11-23,"wk inc flu hosp",1,2024-11-30,"02","sample","0284",36
2024-11-23,"wk inc flu hosp",2,2024-12-07,"02","sample","0284",49
2024-11-23,"wk inc flu hosp",3,2024-12-14,"02","sample","0284",73
2024-11-23,"wk inc flu hosp",-1,2024-11-16,"02","sample","0285",26
2024-11-23,"wk inc flu hosp",0,2024-11-23,"02","sample","0285",31
2024-11-23,"wk inc flu hosp",1,2024-11-30,"02","sample","0285",42
2024-11-23,"wk inc flu hosp",2,2024-12-07,"02","sample","0285",62
2024-11-23,"wk inc flu hosp",3,2024-12-14,"02","sample","0285",86
2024-11-23,"wk inc flu hosp",-1,2024-11-16,"02","sample","0286",26
2024-11-23,"wk inc flu hosp",0,2024-11-23,"02","sample","0286",31
2024-11-23,"wk inc flu hosp",1,2024-11-30,"02","sample","0286",42
2024-11-23,"wk inc flu hosp",2,2024-12-07,"02","sample","0286",62
2024-11-23,"wk inc flu hosp",3,2024-12-14,"02","sample","0286",86
2024-11-23,"wk inc flu hosp",-1,2024-11-16,"02","sample","0287",26
2024-11-23,"wk inc flu hosp",0,2024-11-23,"02","sample","0287",31
2024-11-23,"wk inc flu hosp",1,2024-11-30,"02","sample","0287",42
2024-11-23,"wk inc flu hosp",2,2024-12-07,"02","sample","0287",62
2024-11-23,"wk inc flu hosp",3,2024-12-14,"02","sample","0287",86
2024-11-23,"wk inc flu hosp",-1,2024-11-16,"02","sample","0288",25
2024-11-23,"wk inc flu hosp",0,2024-11-23,"02","sample","0288",34
2024-11-23,"wk inc flu hosp",1,2024-11-30,"02","sample","0288",51
2024-11-23,"wk inc flu hosp",2,2024-12-07,"02","sample","0288",71
2024-11-23,"wk inc flu hosp",3,2024-12-14,"02","sample","0288",96
2024-11-23,"wk inc flu hosp",-1,2024-11-16,"02","sample","0289",27
2024-11-23,"wk inc flu hosp",0,2024-11-23,"02","sample","0289",40
2024-11-23,"wk inc flu hosp",1,2024-11-30,"02","sample","0289",56
2024-11-23,"wk inc flu hosp",2,2024-12-07,"02","sample","0289",75
2024-11-23,"wk inc flu hosp",3,2024-12-14,"02","sample","0289",106
2024-11-23,"wk inc flu hosp",-1,2024-11-16,"02","sample","0290",27
2024-11-23,"wk inc flu hosp",0,2024-11-23,"02","sample","0290",40
2024-11-23,"wk inc flu hosp",1,2024-11-30,"02","sample","0290",56
2024-11-23,"wk inc flu hosp",2,2024-12-07,"02","sample","0290",75
2024-11-23,"wk inc flu hosp",3,2024-12-14,"02","sample","0290",106
2024-11-23,"wk inc flu hosp",-1,2024-11-16,"02","sample","0291",30
2024-11-23,"wk inc flu hosp",0,2024-11-23,"02","sample","0291",41
2024-11-23,"wk inc flu hosp",1,2024-11-30,"02","sample","0291",56
2024-11-23,"wk inc flu hosp",2,2024-12-07,"02","sample","0291",79
2024-11-23,"wk inc flu hosp",3,2024-12-14,"02","sample","0291",104
2024-11-23,"wk inc flu hosp",-1,2024-11-16,"02","sample","0292",30
2024-11-23,"wk inc flu hosp",0,2024-11-23,"02","sample","0292",41
2024-11-23,"wk inc flu hosp",1,2024-11-30,"02","sample","0292",56
2024-11-23,"wk inc flu hosp",2,2024-12-07,"02","sample","0292",79
2024-11-23,"wk inc flu hosp",3,2024-12-14,"02","sample","0292",104
2024-11-23,"wk inc flu hosp",-1,2024-11-16,"02","sample","0293",30
2024-11-23,"wk inc flu hosp",0,2024-11-23,"02","sample","0293",41
2024-11-23,"wk inc flu hosp",1,2024-11-30,"02","sample","0293",57
2024-11-23,"wk inc flu hosp",2,2024-12-07,"02","sample","0293",75
2024-11-23,"wk inc flu hosp",3,2024-12-14,"02","sample","0293",105
2024-11-23,"wk inc flu hosp",-1,2024-11-16,"02","sample","0294",29
2024-11-23,"wk inc flu hosp",0,2024-11-23,"02","sample","0294",41
2024-11-23,"wk inc flu hosp",1,2024-11-30,"02","sample","0294",54
2024-11-23,"wk inc flu hosp",2,2024-12-07,"02","sample","0294",76
2024-11-23,"wk inc flu hosp",3,2024-12-14,"02","sample","0294",102
2024-11-23,"wk inc flu hosp",-1,2024-11-16,"02","sample","0295",29
2024-11-23,"wk inc flu hosp",0,2024-11-23,"02","sample","0295",39
2024-11-23,"wk inc flu hosp",1,2024-11-30,"02","sample","0295",54
2024-11-23,"wk inc flu hosp",2,2024-12-07,"02","sample","0295",73
2024-11-23,"wk inc flu hosp",3,2024-12-14,"02","sample","0295",100
2024-11-23,"wk inc flu hosp",-1,2024-11-16,"02","sample","0296",29
2024-11-23,"wk inc flu hosp",0,2024-11-23,"02","sample","0296",40
2024-11-23,"wk inc flu hosp",1,2024-11-30,"02","sample","0296",54
2024-11-23,"wk inc flu hosp",2,2024-12-07,"02","sample","0296",74
2024-11-23,"wk inc flu hosp",3,2024-12-14,"02","sample","0296",57
2024-11-23,"wk inc flu hosp",-1,2024-11-16,"02","sample","0297",29
2024-11-23,"wk inc flu hosp",0,2024-11-23,"02","sample","0297",39
2024-11-23,"wk inc flu hosp",1,2024-11-30,"02","sample","0297",54
2024-11-23,"wk inc flu hosp",2,2024-12-07,"02","sample","0297",42
2024-11-23,"wk inc flu hosp",3,2024-12-14,"02","sample","0297",33
2024-11-23,"wk inc flu hosp",-1,2024-11-16,"02","sample","0298",29
2024-11-23,"wk inc flu hosp",0,2024-11-23,"02","sample","0298",39
2024-11-23,"wk inc flu hosp",1,2024-11-30,"02","sample","0298",54
2024-11-23,"wk inc flu hosp",2,2024-12-07,"02","sample","0298",42
2024-11-23,"wk inc flu hosp",3,2024-12-14,"02","sample","0298",33
2024-11-23,"wk inc flu hosp",-1,2024-11-16,"02","sample","0299",29
2024-11-23,"wk inc flu hosp",0,2024-11-23,"02","sample","0299",39
2024-11-23,"wk inc flu hosp",1,2024-11-30,"02","sample","0299",30
2024-11-23,"wk inc flu hosp",2,2024-12-07,"02","sample","0299",25
2024-11-23,"wk inc flu hosp",3,2024-12-14,"02","sample","0299",19
2024-11-23,"wk inc flu hosp",-1,2024-11-16,"02","quantile","0.01",17
2024-11-23,"wk inc flu hosp",0,2024-11-23,"02","quantile","0.01",16
2024-11-23,"wk inc flu hosp",1,2024-11-30,"02","quantile","0.01",15
2024-11-23,"wk inc flu hosp",2,2024-12-07,"02","quantile","0.01",15
2024-11-23,"wk inc flu hosp",3,2024-12-14,"02","quantile","0.01",15
2024-11-23,"wk inc flu hosp",-1,2024-11-16,"02","quantile","0.025",17
2024-11-23,"wk inc flu hosp",0,2024-11-23,"02","quantile","0.025",16
2024-11-23,"wk inc flu hosp",1,2024-11-30,"02","quantile","0.025",15
2024-11-23,"wk inc flu hosp",2,2024-12-07,"02","quantile","0.025",15
2024-11-23,"wk inc flu hosp",3,2024-12-14,"02","quantile","0.025",15
2024-11-23,"wk inc flu hosp",-1,2024-11-16,"02","quantile","0.05",17
2024-11-23,"wk inc flu hosp",0,2024-11-23,"02","quantile","0.05",16
2024-11-23,"wk inc flu hosp",1,2024-11-30,"02","quantile","0.05",15
2024-11-23,"wk inc flu hosp",2,2024-12-07,"02","quantile","0.05",15
2024-11-23,"wk inc flu hosp",3,2024-12-14,"02","quantile","0.05",16
2024-11-23,"wk inc flu hosp",-1,2024-11-16,"02","quantile","0.1",17
2024-11-23,"wk inc flu hosp",0,2024-11-23,"02","quantile","0.1",16
2024-11-23,"wk inc flu hosp",1,2024-11-30,"02","quantile","0.1",16
2024-11-23,"wk inc flu hosp",2,2024-12-07,"02","quantile","0.1",17
2024-11-23,"wk inc flu hosp",3,2024-12-14,"02","quantile","0.1",16
2024-11-23,"wk inc flu hosp",-1,2024-11-16,"02","quantile","0.15",17
2024-11-23,"wk inc flu hosp",0,2024-11-23,"02","quantile","0.15",17
2024-11-23,"wk inc flu hosp",1,2024-11-30,"02","quantile","0.15",19
2024-11-23,"wk inc flu hosp",2,2024-12-07,"02","quantile","0.15",17
2024-11-23,"wk inc flu hosp",3,2024-12-14,"02","quantile","0.15",18
2024-11-23,"wk inc flu hosp",-1,2024-11-16,"02","quantile","0.2",17
2024-11-23,"wk inc flu hosp",0,2024-11-23,"02","quantile","0.2",17
2024-11-23,"wk inc flu hosp",1,2024-11-30,"02","quantile","0.2",19
2024-11-23,"wk inc flu hosp",2,2024-12-07,"02","quantile","0.2",17
2024-11-23,"wk inc flu hosp",3,2024-12-14,"02","quantile","0.2",18
2024-11-23,"wk inc flu hosp",-1,2024-11-16,"02","quantile","0.25",18
2024-11-23,"wk inc flu hosp",0,2024-11-23,"02","quantile","0.25",18
2024-11-23,"wk inc flu hosp",1,2024-11-30,"02","quantile","0.25",19
2024-11-23,"wk inc flu hosp",2,2024-12-07,"02","quantile","0.25",19
2024-11-23,"wk inc flu hosp",3,2024-12-14,"02","quantile","0.25",22
2024-11-23,"wk inc flu hosp",-1,2024-11-16,"02","quantile","0.3",19
2024-11-23,"wk inc flu hosp",0,2024-11-23,"02","quantile","0.3",18
2024-11-23,"wk inc flu hosp",1,2024-11-30,"02","quantile","0.3",19
2024-11-23,"wk inc flu hosp",2,2024-12-07,"02","quantile","0.3",23
2024-11-23,"wk inc flu hosp",3,2024-12-14,"02","quantile","0.3",24
2024-11-23,"wk inc flu hosp",-1,2024-11-16,"02","quantile","0.35",19
2024-11-23,"wk inc flu hosp",0,2024-11-23,"02","quantile","0.35",18
2024-11-23,"wk inc flu hosp",1,2024-11-30,"02","quantile","0.35",19
2024-11-23,"wk inc flu hosp",2,2024-12-07,"02","quantile","0.35",23
2024-11-23,"wk inc flu hosp",3,2024-12-14,"02","quantile","0.35",24
2024-11-23,"wk inc flu hosp",-1,2024-11-16,"02","quantile","0.4",19
2024-11-23,"wk inc flu hosp",0,2024-11-23,"02","quantile","0.4",20
2024-11-23,"wk inc flu hosp",1,2024-11-30,"02","quantile","0.4",23
2024-11-23,"wk inc flu hosp",2,2024-12-07,"02","quantile","0.4",24
2024-11-23,"wk inc flu hosp",3,2024-12-14,"02","quantile","0.4",24
2024-11-23,"wk inc flu hosp",-1,2024-11-16,"02","quantile","0.45",20
2024-11-23,"wk inc flu hosp",0,2024-11-23,"02","quantile","0.45",22
2024-11-23,"wk inc flu hosp",1,2024-11-30,"02","quantile","0.45",23
2024-11-23,"wk inc flu hosp",2,2024-12-07,"02","quantile","0.45",24
2024-11-23,"wk inc flu hosp",3,2024-12-14,"02","quantile","0.45",28
2024-11-23,"wk inc flu hosp",-1,2024-11-16,"02","quantile","0.5",20
2024-11-23,"wk inc flu hosp",0,2024-11-23,"02","quantile","0.5",22
2024-11-23,"wk inc flu hosp",1,2024-11-30,"02","quantile","0.5",24
2024-11-23,"wk inc flu hosp",2,2024-12-07,"02","quantile","0.5",24
2024-11-23,"wk inc flu hosp",3,2024-12-14,"02","quantile","0.5",28
2024-11-23,"wk inc flu hosp",-1,2024-11-16,"02","quantile","0.55",20
2024-11-23,"wk inc flu hosp",0,2024-11-23,"02","quantile","0.55",23
2024-11-23,"wk inc flu hosp",1,2024-11-30,"02","quantile","0.55",24
2024-11-23,"wk inc flu hosp",2,2024-12-07,"02","quantile","0.55",24
2024-11-23,"wk inc flu hosp",3,2024-12-14,"02","quantile","0.55",28
2024-11-23,"wk inc flu hosp",-1,2024-11-16,"02","quantile","0.6",22
2024-11-23,"wk inc flu hosp",0,2024-11-23,"02","quantile","0.6",23
2024-11-23,"wk inc flu hosp",1,2024-11-30,"02","quantile","0.6",26
2024-11-23,"wk inc flu hosp",2,2024-12-07,"02","quantile","0.6",29
2024-11-23,"wk inc flu hosp",3,2024-12-14,"02","quantile","0.6",33
2024-11-23,"wk inc flu hosp",-1,2024-11-16,"02","quantile","0.65",22
2024-11-23,"wk inc flu hosp",0,2024-11-23,"02","quantile","0.65",23
2024-11-23,"wk inc flu hosp",1,2024-11-30,"02","quantile","0.65",26
2024-11-23,"wk inc flu hosp",2,2024-12-07,"02","quantile","0.65",31
2024-11-23,"wk inc flu hosp",3,2024-12-14,"02","quantile","0.65",40
2024-11-23,"wk inc flu hosp",-1,2024-11-16,"02","quantile","0.7",22
2024-11-23,"wk inc flu hosp",0,2024-11-23,"02","quantile","0.7",27
2024-11-23,"wk inc flu hosp",1,2024-11-30,"02","quantile","0.7",31
2024-11-23,"wk inc flu hosp",2,2024-12-07,"02","quantile","0.7",39
2024-11-23,"wk inc flu hosp",3,2024-12-14,"02","quantile","0.7",41
2024-11-23,"wk inc flu hosp",-1,2024-11-16,"02","quantile","0.75",22
2024-11-23,"wk inc flu hosp",0,2024-11-23,"02","quantile","0.75",27
2024-11-23,"wk inc flu hosp",1,2024-11-30,"02","quantile","0.75",34
2024-11-23,"wk inc flu hosp",2,2024-12-07,"02","quantile","0.75",40
2024-11-23,"wk inc flu hosp",3,2024-12-14,"02","quantile","0.75",55
2024-11-23,"wk inc flu hosp",-1,2024-11-16,"02","quantile","0.8",22
2024-11-23,"wk inc flu hosp",0,2024-11-23,"02","quantile","0.8",27
2024-11-23,"wk inc flu hosp",1,2024-11-30,"02","quantile","0.8",34
2024-11-23,"wk inc flu hosp",2,2024-12-07,"02","quantile","0.8",40
2024-11-23,"wk inc flu hosp",3,2024-12-14,"02","quantile","0.8",55
2024-11-23,"wk inc flu hosp",-1,2024-11-16,"02","quantile","0.85",24
2024-11-23,"wk inc flu hosp",0,2024-11-23,"02","quantile","0.85",31
2024-11-23,"wk inc flu hosp",1,2024-11-30,"02","quantile","0.85",36
2024-11-23,"wk inc flu hosp",2,2024-12-07,"02","quantile","0.85",49
2024-11-23,"wk inc flu hosp",3,2024-12-14,"02","quantile","0.85",59
2024-11-23,"wk inc flu hosp",-1,2024-11-16,"02","quantile","0.9",27
2024-11-23,"wk inc flu hosp",0,2024-11-23,"02","quantile","0.9",39
2024-11-23,"wk inc flu hosp",1,2024-11-30,"02","quantile","0.9",51
2024-11-23,"wk inc flu hosp",2,2024-12-07,"02","quantile","0.9",62
2024-11-23,"wk inc flu hosp",3,2024-12-14,"02","quantile","0.9",86
2024-11-23,"wk inc flu hosp",-1,2024-11-16,"02","quantile","0.95",29
2024-11-23,"wk inc flu hosp",0,2024-11-23,"02","quantile","0.95",40
2024-11-23,"wk inc flu hosp",1,2024-11-30,"02","quantile","0.95",54
2024-11-23,"wk inc flu hosp",2,2024-12-07,"02","quantile","0.95",75
2024-11-23,"wk inc flu hosp",3,2024-12-14,"02","quantile","0.95",102
2024-11-23,"wk inc flu hosp",-1,2024-11-16,"02","quantile","0.975",30
2024-11-23,"wk inc flu hosp",0,2024-11-23,"02","quantile","0.975",41
2024-11-23,"wk inc flu hosp",1,2024-11-30,"02","quantile","0.975",56
2024-11-23,"wk inc flu hosp",2,2024-12-07,"02","quantile","0.975",76
2024-11-23,"wk inc flu hosp",3,2024-12-14,"02","quantile","0.975",105
2024-11-23,"wk inc flu hosp",-1,2024-11-16,"02","quantile","0.99",30
2024-11-23,"wk inc flu hosp",0,2024-11-23,"02","quantile","0.99",41
2024-11-23,"wk inc flu hosp",1,2024-11-30,"02","quantile","0.99",56
2024-11-23,"wk inc flu hosp",2,2024-12-07,"02","quantile","0.99",79
2024-11-23,"wk inc flu hosp",3,2024-12-14,"02","quantile","0.99",106
2024-11-23,"wk flu hosp rate change",0,2024-11-23,"02","pmf","stable",0.89
2024-11-23,"wk flu hosp rate change",0,2024-11-23,"02","pmf","increase",0.09
2024-11-23,"wk flu hosp rate change",0,2024-11-23,"02","pmf","large_increase",0.02
2024-11-23,"wk flu hosp rate change",0,2024-11-23,"02","pmf","decrease",0
2024-11-23,"wk flu hosp rate change",0,2024-11-23,"02","pmf","large_decrease",0
2024-11-23,"wk flu hosp rate change",1,2024-11-30,"02","pmf","stable",0.7
2024-11-23,"wk flu hosp rate change",1,2024-11-30,"02","pmf","increase",0.19
2024-11-23,"wk flu hosp rate change",1,2024-11-30,"02","pmf","large_increase",0.11
2024-11-23,"wk flu hosp rate change",1,2024-11-30,"02","pmf","decrease",0
2024-11-23,"wk flu hosp rate change",1,2024-11-30,"02","pmf","large_decrease",0
2024-11-23,"wk flu hosp rate change",2,2024-12-07,"02","pmf","stable",0.68
2024-11-23,"wk flu hosp rate change",2,2024-12-07,"02","pmf","increase",0.2
2024-11-23,"wk flu hosp rate change",2,2024-12-07,"02","pmf","large_increase",0.12
2024-11-23,"wk flu hosp rate change",2,2024-12-07,"02","pmf","decrease",0
2024-11-23,"wk flu hosp rate change",2,2024-12-07,"02","pmf","large_decrease",0
2024-11-23,"wk flu hosp rate change",3,2024-12-14,"02","pmf","stable",0.58
2024-11-23,"wk flu hosp rate change",3,2024-12-14,"02","pmf","increase",0.26
2024-11-23,"wk flu hosp rate change",3,2024-12-14,"02","pmf","large_increase",0.15
2024-11-23,"wk flu hosp rate change",3,2024-12-14,"02","pmf","decrease",0.01
2024-11-23,"wk flu hosp rate change",3,2024-12-14,"02","pmf","large_decrease",0
2024-11-23,"peak week inc flu hosp",NA,NA,"02","pmf","2025-04-19",0.07
2024-11-23,"peak week inc flu hosp",NA,NA,"02","pmf","2025-04-12",0.04
2024-11-23,"peak week inc flu hosp",NA,NA,"02","pmf","2025-04-05",0.13
2024-11-23,"peak week inc flu hosp",NA,NA,"02","pmf","2025-03-29",0.02
2024-11-23,"peak week inc flu hosp",NA,NA,"02","pmf","2025-03-22",0.13
2024-11-23,"peak week inc flu hosp",NA,NA,"02","pmf","2025-03-15",0.04
2024-11-23,"peak week inc flu hosp",NA,NA,"02","pmf","2025-03-08",0.13
2024-11-23,"peak week inc flu hosp",NA,NA,"02","pmf","2025-03-01",0.03
2024-11-23,"peak week inc flu hosp",NA,NA,"02","pmf","2025-02-22",0.08
2024-11-23,"peak week inc flu hosp",NA,NA,"02","pmf","2025-02-15",0.02
2024-11-23,"peak week inc flu hosp",NA,NA,"02","pmf","2025-02-08",0.12
2024-11-23,"peak week inc flu hosp",NA,NA,"02","pmf","2025-02-01",0.04
2024-11-23,"peak week inc flu hosp",NA,NA,"02","pmf","2025-01-25",0.03
2024-11-23,"peak week inc flu hosp",NA,NA,"02","pmf","2025-01-18",0.01
2024-11-23,"peak week inc flu hosp",NA,NA,"02","pmf","2025-01-11",0.02
2024-11-23,"peak week inc flu hosp",NA,NA,"02","pmf","2025-01-04",0.02
2024-11-23,"peak week inc flu hosp",NA,NA,"02","pmf","2024-12-28",0.01
2024-11-23,"peak week inc flu hosp",NA,NA,"02","pmf","2024-12-21",0.01
2024-11-23,"peak week inc flu hosp",NA,NA,"02","pmf","2024-12-14",0.01
2024-11-23,"peak week inc flu hosp",NA,NA,"02","pmf","2024-12-07",0.01
2024-11-23,"peak week inc flu hosp",NA,NA,"02","pmf","2024-11-30",0.02
2024-11-23,"peak week inc flu hosp",NA,NA,"02","pmf","2024-11-23",0.01
2024-11-23,"peak inc flu hosp",NA,NA,"02","quantile","0.01",957.397403621469
2024-11-23,"peak inc flu hosp",NA,NA,"02","quantile","0.025",957.397403621469
2024-11-23,"peak inc flu hosp",NA,NA,"02","quantile","0.05",957.397403621469
2024-11-23,"peak inc flu hosp",NA,NA,"02","quantile","0.1",957.397403621469
2024-11-23,"peak inc flu hosp",NA,NA,"02","quantile","0.15",957.397403621469
2024-11-23,"peak inc flu hosp",NA,NA,"02","quantile","0.2",957.397403621469
2024-11-23,"peak inc flu hosp",NA,NA,"02","quantile","0.25",957.397403621469
2024-11-23,"peak inc flu hosp",NA,NA,"02","quantile","0.3",957.397403621469
2024-11-23,"peak inc flu hosp",NA,NA,"02","quantile","0.35",957.397403621469
2024-11-23,"peak inc flu hosp",NA,NA,"02","quantile","0.4",957.397403621469
2024-11-23,"peak inc flu hosp",NA,NA,"02","quantile","0.45",957.397403621469
2024-11-23,"peak inc flu hosp",NA,NA,"02","quantile","0.5",957.397403621469
2024-11-23,"peak inc flu hosp",NA,NA,"02","quantile","0.55",957.397403621469
2024-11-23,"peak inc flu hosp",NA,NA,"02","quantile","0.6",957.397403621469
2024-11-23,"peak inc flu hosp",NA,NA,"02","quantile","0.65",957.397403621469
2024-11-23,"peak inc flu hosp",NA,NA,"02","quantile","0.7",957.397403621469
2024-11-23,"peak inc flu hosp",NA,NA,"02","quantile","0.75",957.397403621469
2024-11-23,"peak inc flu hosp",NA,NA,"02","quantile","0.8",957.397403621469
2024-11-23,"peak inc flu hosp",NA,NA,"02","quantile","0.85",957.397403621469
2024-11-23,"peak inc flu hosp",NA,NA,"02","quantile","0.9",957.397403621469
2024-11-23,"peak inc flu hosp",NA,NA,"02","quantile","0.95",957.397403621469
2024-11-23,"peak inc flu hosp",NA,NA,"02","quantile","0.975",957.397403621469
2024-11-23,"peak inc flu hosp",NA,NA,"02","quantile","0.99",957.397403621469
